sequence,dataset(s)
AAAAAK,4096-lib
AAAAWK,4096-lib
AAAAYK,4096-lib
AAAFAF,4096-lib
AAAFAK,4096-lib
AAAFAL,4096-lib
AAAFRF,4096-lib
AAAFRL,4096-lib
AAAFWK,4096-lib
AAAFYK,4096-lib
AAAKAL,4096-lib
AAAKAS,4096-lib
AAAKWL,4096-lib
AAAKWS,4096-lib
AAAKYF,4096-lib
AAAKYL,4096-lib
AAAKYS,4096-lib
AAATAK,4096-lib
AAATWK,4096-lib
AAATYK,4096-lib
AADAAK,4096-lib
AADARF,4096-lib
AADAWK,4096-lib
AADAYK,4096-lib
AADFAK,4096-lib
AADFRF,4096-lib
AADFRL,4096-lib
AADFWK,4096-lib
AADFYK,4096-lib
AADFYL,4096-lib
AADKWL,4096-lib
AADKYL,4096-lib
AADTAK,4096-lib
AADTWK,4096-lib
AADTYK,4096-lib
AAFAAF,4096-lib
AAFAAK,4096-lib
AAFARS,4096-lib
AAFFAK,4096-lib
AAFFRL,4096-lib
AAFFRS,4096-lib
AAFFWK,4096-lib
AAFFYK,4096-lib
AAFKAK,4096-lib
AAFKAL,4096-lib
AAFKYF,4096-lib
AAFKYL,4096-lib
AAFTAK,4096-lib
AAFTRS,4096-lib
AAFTWK,4096-lib
AAFTYK,4096-lib
AASAWK,4096-lib
AASAYK,4096-lib
AASFAK,4096-lib
AASFYK,4096-lib
AASKAL,4096-lib
AASKYF,4096-lib
AASKYL,4096-lib
AASTAK,4096-lib
AASTYK,4096-lib
AEDTWV,864-lib
AEGKRL,864-lib
AEGKRV,864-lib
AEGKWV,864-lib
AEGTWL,864-lib
AEGTWV,864-lib
AEMKRL,864-lib
AEMKRV,864-lib
AEMNRL,864-lib
AEMNYL,864-lib
AEMNYV,864-lib
AEMTWV,864-lib
AFAAAF,4096-lib
AFAAAK,4096-lib
AFAAAL,4096-lib
AFAARS,4096-lib
AFAAWS,4096-lib
AFAAYK,4096-lib
AFAAYS,4096-lib
AFAFAK,4096-lib
AFAFAL,4096-lib
AFAFAS,4096-lib
AFAFRS,4096-lib
AFAFWK,4096-lib
AFAFYK,4096-lib
AFAKAK,4096-lib
AFAKAL,4096-lib
AFAKWS,4096-lib
AFAKYF,4096-lib
AFAKYL,4096-lib
AFATAK,4096-lib
AFATRS,4096-lib
AFATWK,4096-lib
AFATWS,4096-lib
AFATYK,4096-lib
AFDAAK,4096-lib
AFDAAL,4096-lib
AFDAWK,4096-lib
AFDAYK,4096-lib
AFDFAK,4096-lib
AFDFAL,4096-lib
AFDFRS,4096-lib
AFDFYK,4096-lib
AFDKWF,432-lib
AFDKWS,4096-lib
AFDKYS,4096-lib
AFDNWV,864-lib
AFDNYV,864-lib
AFDTAK,4096-lib
AFDTWK,4096-lib
AFDTYK,4096-lib
AFDTYV,864-lib
AFFAAK,4096-lib
AFFAAS,4096-lib
AFFFAK,4096-lib
AFFFAS,4096-lib
AFFFRS,4096-lib
AFFFYK,4096-lib
AFFKAL,4096-lib
AFFKAS,4096-lib
AFFTAK,4096-lib
AFFTAS,4096-lib
AFFTRS,4096-lib
AFGNRL,864-lib
AFGNWV,864-lib
AFGNYL,864-lib
AFGNYV,864-lib
AFMTRV,864-lib
AFSAAK,4096-lib
AFSAAS,4096-lib
AFSARS,4096-lib
AFSAWK,4096-lib
AFSAWS,4096-lib
AFSAYK,4096-lib
AFSAYS,4096-lib
AFSFAS,4096-lib
AFSFYK,4096-lib
AFSKWS,4096-lib
AFSTWK,4096-lib
AFSTYK,4096-lib
APDKRL,864-lib
APDKRV,864-lib
APDKYL,864-lib
APDNRV,864-lib
APGKYL,864-lib
APGNRV,864-lib
APGNYL,864-lib
APMNRL,864-lib
APMNWV,864-lib
APMNYV,864-lib
APMTRL,864-lib
APMTRV,864-lib
APMTWV,864-lib
AQDKRL,864-lib
AQDTYL,864-lib
AQGKRV,864-lib
AQGKWV,864-lib
AQGKYV,864-lib
AQGNWL,864-lib
AQGNWV,864-lib
AQGTRL,864-lib
AQGTWV,864-lib
AQMKRV,864-lib
AQMNRL,864-lib
AQMNWV,864-lib
AQMNYL,864-lib
ASAAAK,4096-lib
ASAAAL,4096-lib
ASAAWK,4096-lib
ASAAYK,4096-lib
ASAFAF,4096-lib
ASAFAK,4096-lib
ASAFAL,4096-lib
ASAFYK,4096-lib
ASAKWL,4096-lib
ASAKWS,4096-lib
ASAKYL,4096-lib
ASAKYS,4096-lib
ASATAK,4096-lib
ASATWF,4096-lib
ASATWK,4096-lib
ASATYK,4096-lib
ASDAAK,4096-lib
ASDAWK,4096-lib
ASDAYK,4096-lib
ASDFAL,4096-lib
ASDFWK,4096-lib
ASDFYK,4096-lib
ASDKRF,432-lib
ASDKRL,432-lib
ASDKYF,432-lib
ASDTAK,4096-lib
ASDTWK,4096-lib
ASDTYK,4096-lib
ASFAAK,4096-lib
ASFARS,4096-lib
ASFAYK,4096-lib
ASFAYS,4096-lib
ASFFAK,4096-lib
ASFFRS,4096-lib
ASFKAK,4096-lib
ASFTAK,4096-lib
ASFTAL,4096-lib
ASFTWK,4096-lib
ASFTYF,432-lib
ASSAAK,4096-lib
ASSARF,4096-lib
ASSAWK,4096-lib
ASSAYK,4096-lib
ASSFAK,4096-lib
ASSFAL,4096-lib
ASSFYK,4096-lib
ASSFYL,432-lib
ASSTAK,4096-lib
ASSTWK,4096-lib
ASSTYK,4096-lib
DFATTV,24-lib
FAAAAF,4096-lib
FAAAAK,4096-lib
FAAARS,4096-lib
FAAAWK,4096-lib
FAAAYF,4096-lib
FAAAYK,4096-lib
FAAFAK,4096-lib
FAAFAL,4096-lib
FAAFAS,4096-lib
FAAFRL,4096-lib
FAAFRS,4096-lib
FAAFYK,4096-lib
FAAKAK,4096-lib
FAAKWS,4096-lib
FAAKYF,4096-lib
FAAKYL,4096-lib
FAATAK,4096-lib
FAATWK,4096-lib
FAATWS,4096-lib
FAATYK,4096-lib
FADAWK,4096-lib
FADAYF,4096-lib
FADAYK,4096-lib
FADFAK,4096-lib
FADFRL,4096-lib
FADFRS,4096-lib
FADFYK,4096-lib
FADKAK,4096-lib
FADKWS,4096-lib
FADKYL,4096-lib
FADKYS,4096-lib
FADTAK,4096-lib
FADTWK,4096-lib
FADTYK,4096-lib
FAFAAK,4096-lib
FAFAAS,4096-lib
FAFARS,4096-lib
FAFFAK,4096-lib
FAFFAS,4096-lib
FAFTAK,4096-lib
FAFTRS,4096-lib
FAFTYS,4096-lib
FASAAK,4096-lib
FASAWK,4096-lib
FASAYF,4096-lib
FASAYK,4096-lib
FASAYL,4096-lib
FASFAF,4096-lib
FASFAK,4096-lib
FASFRL,4096-lib
FASFYK,4096-lib
FASFYL,4096-lib
FASFYS,4096-lib
FASKWS,4096-lib
FASTAK,4096-lib
FASTWK,4096-lib
FASTYK,4096-lib
FFAAAK,4096-lib
FFAARS,4096-lib
FFAKAK,4096-lib
FFAKAS,4096-lib
FFATAK,4096-lib
FFATAS,4096-lib
FFATRS,4096-lib
FFATYS,4096-lib
FFDAAK,4096-lib
FFDAAS,4096-lib
FFDARS,4096-lib
FFDAYK,4096-lib
FFDAYS,4096-lib
FFDFAK,4096-lib
FFDFRS,4096-lib
FFDFYK,4096-lib
FFDKWS,4096-lib
FFDKYS,4096-lib
FFDTAK,4096-lib
FFDTAS,4096-lib
FFDTRS,4096-lib
FFDTWK,4096-lib
FFDTYK,4096-lib
FFFFAK,4096-lib
FFFKAF,4096-lib
FFFKAL,4096-lib
FFFKYS,4096-lib
FFFTAK,4096-lib
FFFTAS,4096-lib
FFSAAS,4096-lib
FFSAYK,4096-lib
FFSAYS,4096-lib
FFSFAK,4096-lib
FFSFAS,4096-lib
FFSFRS,4096-lib
FFSTAK,4096-lib
FFSTAS,4096-lib
FFSTWS,4096-lib
FFSTYK,4096-lib
FKAAAK,4096-lib
FSAAAK,4096-lib
FSAAAL,4096-lib
FSAAWS,4096-lib
FSAAYK,4096-lib
FSAAYL,4096-lib
FSAAYS,4096-lib
FSAFAK,4096-lib
FSAFAS,4096-lib
FSAFRS,4096-lib
FSAFYS,4096-lib
FSAKAK,4096-lib
FSAKYF,4096-lib
FSAKYS,4096-lib
FSATAK,4096-lib
FSATWK,4096-lib
FSATYK,4096-lib
FSDAAF,4096-lib
FSDAAK,4096-lib
FSDAWK,4096-lib
FSDAWS,4096-lib
FSDAYF,4096-lib
FSDAYK,4096-lib
FSDFAK,4096-lib
FSDFAS,4096-lib
FSDFRF,432-lib
FSDFWK,4096-lib
FSDFYK,4096-lib
FSDKWS,4096-lib
FSDTAK,4096-lib
FSDTWK,4096-lib
FSDTWS,4096-lib
FSDTYK,4096-lib
FSFAAK,4096-lib
FSFAAS,4096-lib
FSFARS,4096-lib
FSFAYS,4096-lib
FSFFAK,4096-lib
FSFFRS,4096-lib
FSFFWK,4096-lib
FSFFYK,4096-lib
FSFKAL,4096-lib
FSFTAK,4096-lib
FSFTRS,4096-lib
FSFTYK,4096-lib
FSFTYS,4096-lib
FSSAAF,4096-lib
FSSAAK,4096-lib
FSSAAL,4096-lib
FSSAWL,4096-lib
FSSAWS,4096-lib
FSSAYK,4096-lib
FSSFAF,4096-lib
FSSFAK,4096-lib
FSSFAL,4096-lib
FSSFAS,4096-lib
FSSFRS,4096-lib
FSSFYK,4096-lib
FSSKAK,4096-lib
FSSTAK,4096-lib
FSSTWK,4096-lib
FSSTYF,4096-lib
FSSTYK,4096-lib
GFATTV,24-lib
HAAAAF,4096-lib
HAAAWF,4096-lib
HAAAWK,4096-lib
HAAAWL,4096-lib
HAAAWS,4096-lib
HAAAYF,4096-lib
HAAAYL,4096-lib
HAAFAF,4096-lib
HAAFAK,4096-lib
HAAFAL,4096-lib
HAAFAS,4096-lib
HAAFWS,4096-lib
HAAFYK,4096-lib
HAAFYL,4096-lib
HAAFYS,4096-lib
HAATAF,4096-lib
HAATAL,4096-lib
HAATWF,4096-lib
HAATYF,4096-lib
HAATYL,4096-lib
HADAAF,4096-lib
HADAAL,4096-lib
HADAWF,4096-lib
HADAYF,4096-lib
HADFAF,4096-lib
HADFAK,4096-lib
HADFAL,4096-lib
HADFAS,4096-lib
HADFWS,4096-lib
HADFYL,4096-lib
HADTWF,4096-lib
HAFAAS,4096-lib
HAFAWK,4096-lib
HAFAWS,4096-lib
HAFAYS,4096-lib
HAFFAF,4096-lib
HAFFAL,4096-lib
HAFFAS,4096-lib
HAFFWS,4096-lib
HAFFYL,4096-lib
HAFFYS,4096-lib
HAFTWS,4096-lib
HAFTYF,4096-lib
HAFTYS,4096-lib
HEDKRL,864-lib
HEDKWV,864-lib
HEDNWV,864-lib
HEDNYV,864-lib
HEDTYL,864-lib
HEGKRV,864-lib
HEGKWV,864-lib
HEGNRL,864-lib
HEGNWL,864-lib
HEGNWV,864-lib
HEMKRL,864-lib
HEMNYL,864-lib
HEMNYV,864-lib
HFAAAF,4096-lib
HFAAAK,4096-lib
HFAAAL,4096-lib
HFAAAS,4096-lib
HFAAWS,4096-lib
HFAAYK,4096-lib
HFAAYS,4096-lib
HFAFAK,4096-lib
HFAFAL,4096-lib
HFAFAS,4096-lib
HFAFYS,4096-lib
HFATAF,4096-lib
HFATAK,4096-lib
HFATAS,4096-lib
HFATWS,4096-lib
HFATYF,4096-lib
HFATYL,4096-lib
HFATYS,4096-lib
HFDAAF,4096-lib
HFDAAK,4096-lib
HFDAAS,4096-lib
HFDAWS,4096-lib
HFDAYL,4096-lib
HFDAYS,4096-lib
HFDFAL,4096-lib
HFDFAS,4096-lib
HFDFWS,4096-lib
HFDFYS,4096-lib
HFDNRL,864-lib
HFDNWV,864-lib
HFDTAF,4096-lib
HFDTAL,4096-lib
HFDTWS,4096-lib
HFFAAK,4096-lib
HFFAAS,4096-lib
HFFAYS,4096-lib
HFFFAK,4096-lib
HFFFAL,4096-lib
HFFFAS,4096-lib
HFFFWS,4096-lib
HFFFYS,4096-lib
HFFTAS,4096-lib
HFFTYS,4096-lib
HFGNRV,864-lib
HFGNWV,864-lib
HFGNYV,864-lib
HFGTYV,864-lib
HFMKWV,864-lib
HFMNRL,864-lib
HFMNYV,864-lib
HFSAAL,4096-lib
HFSFAS,4096-lib
HFSKRF,432-lib
HPDKRL,864-lib
HPDKYV,864-lib
HPDNRV,864-lib
HPDNWL,864-lib
HPDNWV,864-lib
HPDNYV,864-lib
HPDTRL,864-lib
HPDTWV,864-lib
HPGKRL,864-lib
HPGKYV,864-lib
HPGNWV,864-lib
HPGNYL,864-lib
HPGNYV,864-lib
HPMKRV,864-lib
HPMNWV,864-lib
HPMNYL,864-lib
HPMTYL,864-lib
HPMTYV,864-lib
HQDKRL,864-lib
HQDKRV,864-lib
HQDKWV,864-lib
HQDKYV,864-lib
HQDNWL,864-lib
HQDNWV,864-lib
HQDNYL,864-lib
HQDTWV,864-lib
HQGKYV,864-lib
HQGNWL,864-lib
HQGNWV,864-lib
HQGNYL,864-lib
HQGTWL,864-lib
HQGTWV,864-lib
HQMKYL,864-lib
HQMNYV,864-lib
HQMTYL,864-lib
HSAAAL,4096-lib
HSAAWF,4096-lib
HSAAWK,4096-lib
HSAAWL,4096-lib
HSAAYF,4096-lib
HSAAYL,4096-lib
HSAFAF,4096-lib
HSAFAK,4096-lib
HSAFAL,4096-lib
HSAFAS,4096-lib
HSAFWS,4096-lib
HSAFYL,4096-lib
HSAFYS,4096-lib
HSATAF,4096-lib
HSATAL,4096-lib
HSATYF,4096-lib
HSATYL,4096-lib
HSDAAF,4096-lib
HSDAAL,4096-lib
HSDAWF,4096-lib
HSDAYL,4096-lib
HSDFAL,4096-lib
HSDFWS,4096-lib
HSDFYF,432-lib
HSDKYF,432-lib
HSDTYF,432-lib
HSFAAF,4096-lib
HSFAAL,4096-lib
HSFAWL,4096-lib
HSFAWS,4096-lib
HSFAYF,4096-lib
HSFAYL,4096-lib
HSFAYS,4096-lib
HSFFAF,4096-lib
HSFFAL,4096-lib
HSFFAS,4096-lib
HSFFWS,4096-lib
HSFFYS,4096-lib
HSFKWF,432-lib
HSFKYL,432-lib
HSFTAL,4096-lib
HSFTWS,4096-lib
IEDNRV,864-lib
IEDNWL,864-lib
IEDNWV,864-lib
IEDNYL,864-lib
IEDTWV,864-lib
IEGNRL,864-lib
IEGNWV,864-lib
IEMKRL,864-lib
IEMNYL,864-lib
IFGNWV,864-lib
IFGNYL,864-lib
IFGTRV,864-lib
IFMNYV,864-lib
IPDNRL,864-lib
IPDNRV,864-lib
IPDNWV,864-lib
IPDTRL,864-lib
IPGKYV,864-lib
IPGNRL,864-lib
IPGNRV,864-lib
IPMNRV,864-lib
IPMNYL,864-lib
IQDNRV,864-lib
IQDNWV,864-lib
IQDNYL,864-lib
IQGNWV,864-lib
IQMNWV,864-lib
IQMNYL,864-lib
SAAAAF,4096-lib
SAAAAK,4096-lib
SAAAWF,4096-lib
SAAAWK,4096-lib
SAAAYK,4096-lib
SAAAYL,4096-lib
SAAFAF,4096-lib
SAAFAK,4096-lib
SAAFAL,4096-lib
SAAFWK,4096-lib
SAAFYK,4096-lib
SAAFYL,4096-lib
SAAKWL,4096-lib
SAAKWS,4096-lib
SAAKYL,4096-lib
SAAKYS,4096-lib
SAATAF,4096-lib
SAATAK,4096-lib
SADAAK,4096-lib
SADAWK,4096-lib
SADAYK,4096-lib
SADFAK,4096-lib
SADFAL,4096-lib
SADFRL,4096-lib
SADFYK,4096-lib
SADKYF,4096-lib
SADTAK,4096-lib
SADTYK,4096-lib
SAFAAK,4096-lib
SAFAYL,4096-lib
SAFFAK,4096-lib
SAFFAL,4096-lib
SAFFRS,4096-lib
SAFFWK,4096-lib
SAFFYK,4096-lib
SAFKWL,4096-lib
SAFKYF,4096-lib
SAFKYS,4096-lib
SAFTAK,4096-lib
SASAAK,4096-lib
SASAWF,4096-lib
SASAWK,4096-lib
SASAYK,4096-lib
SASFAF,4096-lib
SASFAK,4096-lib
SASFAL,4096-lib
SASFWK,4096-lib
SASFYK,4096-lib
SASKWL,4096-lib
SASTAK,4096-lib
SASTYK,4096-lib
SEDKWV,864-lib
SEDNWV,864-lib
SEDNYL,864-lib
SEGKRL,864-lib
SEGNRL,864-lib
SEGTWV,864-lib
SEMNRL,864-lib
SEMNRV,864-lib
SEMNWV,864-lib
SEMNYL,864-lib
SFAAAS,4096-lib
SFAAYL,4096-lib
SFAAYS,4096-lib
SFAFAK,4096-lib
SFAFRL,4096-lib
SFAFYK,4096-lib
SFAFYS,4096-lib
SFAKWL,4096-lib
SFAKYF,4096-lib
SFAKYL,4096-lib
SFAKYS,4096-lib
SFATAK,4096-lib
SFATAL,4096-lib
SFATWK,4096-lib
SFATWS,4096-lib
SFATYK,4096-lib
SFDAAK,4096-lib
SFDARS,4096-lib
SFDAWS,4096-lib
SFDAYK,4096-lib
SFDAYL,4096-lib
SFDFAK,4096-lib
SFDFRS,4096-lib
SFDFWK,4096-lib
SFDFWS,4096-lib
SFDFYK,4096-lib
SFDKAS,4096-lib
SFDKWS,4096-lib
SFDKYV,864-lib
SFDNRV,864-lib
SFDNYL,864-lib
SFDNYV,864-lib
SFDTAK,4096-lib
SFDTWK,4096-lib
SFDTYK,4096-lib
SFFAAK,4096-lib
SFFAAS,4096-lib
SFFFAK,4096-lib
SFFFRS,4096-lib
SFFFWK,4096-lib
SFFFWS,4096-lib
SFFFYK,4096-lib
SFFKAL,4096-lib
SFFKAS,4096-lib
SFFTAK,4096-lib
SFFTWK,4096-lib
SFGKWV,864-lib
SFGNRV,864-lib
SFGNYV,864-lib
SFGTWV,864-lib
SFMNWV,864-lib
SFMNYL,864-lib
SFSAAF,4096-lib
SFSAAK,4096-lib
SFSAAL,4096-lib
SFSARS,4096-lib
SFSAWK,4096-lib
SFSAWL,4096-lib
SFSAWS,4096-lib
SFSAYF,4096-lib
SFSAYK,4096-lib
SFSFAK,4096-lib
SFSFAL,4096-lib
SFSFAS,4096-lib
SFSFRS,4096-lib
SFSFYF,432-lib
SFSFYK,4096-lib
SFSKWS,4096-lib
SFSTAK,4096-lib
SFSTWK,4096-lib
SFSTWS,4096-lib
SFSTYK,4096-lib
SPDKYV,864-lib
SPDNRL,864-lib
SPDNWV,864-lib
SPDNYL,864-lib
SPDTYV,864-lib
SPGKWV,864-lib
SPGKYL,864-lib
SPGKYV,864-lib
SPGNWL,864-lib
SPGNWV,864-lib
SPGNYL,864-lib
SPMKRL,864-lib
SPMNRV,864-lib
SPMNWV,864-lib
SPMNYL,864-lib
SPMNYV,864-lib
SPMTYL,864-lib
SQDKWV,864-lib
SQDKYV,864-lib
SQDNWL,864-lib
SQDNWV,864-lib
SQDTWV,864-lib
SQGKWV,864-lib
SQGKYV,864-lib
SQGNWL,864-lib
SQGNYL,864-lib
SQMNYL,864-lib
SSAAAK,4096-lib
SSAAWK,4096-lib
SSAAYK,4096-lib
SSAAYL,4096-lib
SSAFAF,4096-lib
SSAFAK,4096-lib
SSAFAL,4096-lib
SSAFWK,4096-lib
SSAFWS,4096-lib
SSAFYF,4096-lib
SSAFYK,4096-lib
SSAKWS,4096-lib
SSAKYS,4096-lib
SSATAK,4096-lib
SSATWK,4096-lib
SSATYK,4096-lib
SSDAWK,4096-lib
SSDAYK,4096-lib
SSDFAF,4096-lib
SSDFAK,4096-lib
SSDFAL,4096-lib
SSDFWK,4096-lib
SSDFYF,432-lib
SSDFYK,4096-lib
SSDTWF,432-lib
SSDTWK,4096-lib
SSFAAF,4096-lib
SSFAAK,4096-lib
SSFAWS,4096-lib
SSFFAK,4096-lib
SSFFAL,4096-lib
SSFFAS,4096-lib
SSFFRS,4096-lib
SSFFWK,4096-lib
SSFFYK,4096-lib
SSFKAF,4096-lib
SSFKAK,4096-lib
SSFKYS,4096-lib
SSFTAK,4096-lib
SSFTWK,4096-lib
SSFTYK,4096-lib
SSSAAK,4096-lib
SSSAWK,4096-lib
SSSAYK,4096-lib
SSSFAK,4096-lib
SSSFWK,4096-lib
SSSFYK,4096-lib
SSSKYF,432-lib
SSSTWK,4096-lib
SSSTYK,4096-lib
